City,Cloudiness,Country,Date,Humidity,Lat,Lng,Max Temp,Wind Speed
mataura,64,NZ,1554327009,88,-46.19,168.86,52.0,14.67
aswan,0,EG,1554321600,26,24.09,32.9,78.8,10.29
castro,90,CL,1554325200,100,-42.48,-73.76,50.0,11.41
lorengau,64,PG,1554327073,100,-2.02,147.27,80.82,8.75
bluff,0,AU,1554327074,81,-23.58,149.07,65.88,11.43
rikitea,12,PF,1554327076,100,-23.12,-134.97,74.7,20.49
albany,20,US,1554326941,32,42.65,-73.75,53.6,21.92
cherskiy,0,RU,1554327078,65,68.75,161.3,20.25,2.71
vaini,0,IN,1554327080,91,15.34,74.49,68.31,1.25
powell river,90,CA,1554327040,87,49.84,-124.52,52.0,6.93
barstow,1,US,1554326535,8,31.46,-103.39,86.0,16.11
ushuaia,75,AR,1554325200,81,-54.81,-68.31,44.6,34.45
ponta do sol,76,BR,1554327085,84,-20.63,-46.0,71.55,4.83
cape town,20,ZA,1554326891,93,-33.93,18.42,64.0,8.05
khandyga,8,RU,1554327087,67,62.65,135.58,9.63,2.37
santa marta,40,CO,1554326708,44,11.24,-74.21,93.2,18.34
hasaki,40,JP,1554327028,100,35.73,140.83,32.0,1.12
muisne,90,EC,1554325200,83,0.61,-80.02,80.6,6.93
northam,20,GB,1554327085,100,51.04,-4.21,39.99,6.93
new norfolk,40,AU,1554327015,80,-42.78,147.06,43.0,5.82
puerto ayora,20,EC,1554327051,59,-0.74,-90.35,89.6,17.22
khatanga,92,RU,1554327098,91,71.98,102.47,16.38,10.65
ahuimanu,75,US,1554327048,73,21.44,-157.84,82.4,10.29
maloy,20,ID,1554327101,97,1.0,118.1,72.36,1.92
hobart,75,AU,1554326775,80,-42.88,147.33,43.0,3.36
airai,80,TL,1554327103,79,-8.93,125.41,69.57,1.36
atuona,48,PF,1554327105,100,-9.8,-139.03,81.63,15.35
jamestown,68,AU,1554327106,67,-33.21,138.6,57.87,5.5
kulhudhuffushi,56,MV,1554327108,100,6.62,73.07,80.46,5.39
sao filipe,12,CV,1554327109,97,14.9,-24.5,70.38,16.35
gainsborough,24,GB,1554327082,93,53.4,-0.77,41.0,8.05
hermanus,80,ZA,1554327065,78,-34.42,19.24,61.0,1.01
vao,0,EE,1554327113,77,59.1,26.19,35.37,9.19
angoche,88,MZ,1554327115,100,-16.23,39.91,80.46,13.22
east london,32,ZA,1554327116,100,-33.02,27.91,72.0,25.75
georgetown,20,GY,1554325200,74,6.8,-58.16,84.2,16.11
mehamn,90,NO,1554324600,92,71.03,27.85,32.0,14.99
kharovsk,0,RU,1554327120,61,59.95,40.21,16.38,2.93
villa rica,80,PE,1554327121,92,-10.74,-75.27,72.18,2.04
bredasdorp,44,ZA,1554325200,87,-34.53,20.04,60.8,8.05
bethel,1,US,1554324960,64,60.79,-161.76,39.2,20.8
kumluca,88,TR,1554327126,98,36.37,30.29,40.77,1.59
gravdal,20,NO,1554327078,65,59.79,5.78,46.4,4.7
ribeira grande,40,PT,1554325200,62,38.52,-28.7,57.2,2.24
cabo san lucas,5,MX,1554326738,60,22.89,-109.91,90.0,8.05
hithadhoo,36,MV,1554327131,100,-0.6,73.08,79.74,4.38
hofn,88,IS,1554327132,100,64.25,-15.21,35.82,8.75
dingle,8,PH,1554327134,88,11.0,122.67,73.98,8.08
bandar-e lengeh,0,IR,1554325200,57,26.56,54.88,77.0,13.0
ilulissat,75,GL,1554324600,85,69.22,-51.1,17.6,16.11
yellowknife,20,CA,1554327054,54,62.45,-114.38,7.0,12.75
tiksi,80,RU,1554327139,77,71.64,128.87,23.67,6.85
meulaboh,24,ID,1554327140,100,4.14,96.13,78.93,4.16
nanortalik,68,GL,1554327142,100,60.14,-45.24,31.5,30.78
tasiilaq,0,GL,1554324600,92,65.61,-37.64,30.2,17.22
san quintin,36,PH,1554327144,87,17.54,120.52,69.03,3.38
pevek,0,RU,1554327145,65,69.7,170.27,17.01,1.7
punta arenas,75,CL,1554326547,60,-53.16,-70.91,44.6,33.33
sawankhalok,0,TH,1554327090,51,17.31,99.83,86.0,2.93
butaritari,92,KI,1554327149,100,3.07,172.79,77.67,1.59
santa cruz,20,US,1554327043,72,36.97,-122.03,64.99,3.36
busselton,56,AU,1554327089,57,-33.64,115.35,63.0,18.59
ikwiriri,20,TZ,1554327155,86,-7.96,38.99,75.42,3.38
upernavik,80,GL,1554327156,88,72.79,-56.15,25.38,42.97
ambilobe,20,MG,1554327157,95,-13.19,49.05,72.0,3.27
nizwa,8,OM,1554327159,44,22.93,57.53,63.9,3.38
churapcha,0,RU,1554327161,68,62.0,132.43,11.43,2.71
nangomba,0,TZ,1554327162,61,-10.9,38.52,72.45,6.96
kununurra,8,AU,1554325200,64,-15.77,128.74,71.6,4.7
antofagasta,0,CL,1554325200,49,-23.65,-70.4,69.8,8.05
cocorit,40,MX,1554324060,37,27.57,-109.96,84.2,12.75
beringovskiy,92,RU,1554327168,98,63.05,179.32,28.17,20.04
port hardy,75,CA,1554325800,76,50.7,-127.42,51.8,6.93
medea,75,DZ,1554325200,77,36.27,2.77,59.0,2.24
coihaique,40,CL,1554325200,50,-45.58,-72.07,57.2,6.93
hilo,40,US,1554327140,65,19.71,-155.08,80.01,11.41
abong mbang,0,CM,1554327174,85,3.98,13.18,72.72,2.15
lasa,40,CY,1554325200,87,34.92,32.53,57.2,6.93
verkhoyansk,24,RU,1554327177,71,67.55,133.39,7.92,2.59
quatre cocos,75,MU,1554326944,94,-20.21,57.76,77.0,3.36
qaanaaq,64,GL,1554327180,88,77.48,-69.36,11.97,5.95
chumikan,0,RU,1554327181,65,54.72,135.31,8.1,3.15
haljala,0,EE,1554327182,77,59.43,26.27,35.37,9.19
san cristobal,90,EC,1554327129,87,-0.39,-78.55,59.0,9.17
niksar,88,TR,1554327185,100,40.59,36.95,37.08,1.25
luderitz,0,NA,1554327186,87,-26.65,15.16,58.77,11.43
kapaa,75,US,1554326907,54,22.08,-159.32,78.8,12.75
saskylakh,56,RU,1554327189,83,71.97,114.09,21.87,5.39
saint pete beach,90,US,1554327170,42,27.73,-82.74,82.99,8.05
batagay,64,RU,1554327191,67,67.65,134.64,9.63,2.82
los llanos de aridane,20,ES,1554326761,52,28.66,-17.92,64.4,9.17
cidreira,36,BR,1554327194,86,-30.17,-50.22,77.04,1.81
henties bay,0,NA,1554325329,91,-22.12,14.28,60.01,3.0
camalu,12,MX,1554327197,41,30.85,-116.07,68.4,10.54
provideniya,40,RU,1554325200,73,64.42,-173.23,26.6,15.66
fairbanks,20,US,1554327118,35,64.84,-147.72,26.01,16.11
pervomayskoye,80,RU,1554327201,76,57.07,86.23,27.54,4.27
port moresby,75,PG,1554321600,94,-9.47,147.16,75.2,6.93
kalabo,100,ZM,1554327203,32,-15.0,22.67,77.13,8.41
arraial do cabo,0,BR,1554325200,69,-22.97,-42.02,78.8,5.82
fortuna,0,ES,1554327158,87,38.18,-1.13,64.0,2.24
mahebourg,75,MU,1554326944,94,-20.41,57.7,77.0,3.36
nakhon si thammarat,80,TH,1554327209,100,8.43,99.96,82.62,4.94
beaufort,75,MY,1554325200,94,5.36,115.76,78.01,2.48
tuktoyaktuk,90,CA,1554325200,70,69.44,-133.03,1.4,11.41
praia da vitoria,75,PT,1554327062,76,38.73,-27.07,57.2,20.49
navahrudak,0,BY,1554327214,50,53.59,25.82,36.54,11.32
bandarbeyla,92,SO,1554327215,100,9.49,50.81,79.74,2.37
ahvaz,0,IR,1554325200,52,31.32,48.68,68.0,2.24
asosa,0,ET,1554327218,29,10.07,34.53,65.16,5.17
grand gaube,75,MU,1554326944,94,-20.01,57.66,77.0,3.36
vostok,44,RU,1554327221,70,46.45,135.83,20.88,2.37
avarua,92,CK,1554325200,74,-21.21,-159.78,80.6,6.93
longyearbyen,40,NO,1554324600,84,78.22,15.63,6.8,5.82
cockburn town,0,TC,1554327224,99,21.46,-71.14,79.65,10.65
makakilo city,20,US,1554327048,51,21.35,-158.09,82.4,5.82
barrow,0,AR,1554327228,36,-38.31,-60.23,72.45,12.77
hami,0,CN,1554327229,53,42.84,93.51,47.07,4.16
alice springs,0,AU,1554325200,30,-23.7,133.88,53.6,6.93
saint-philippe,1,CA,1554327207,36,45.36,-73.48,46.4,34.45
port elizabeth,1,US,1554327188,20,39.31,-74.98,68.0,18.34
kosonsoy,24,UZ,1554325200,67,41.25,71.55,62.6,4.7
margate,40,AU,1554327196,80,-43.03,147.26,43.0,5.82
mount gambier,90,AU,1554325200,81,-37.83,140.78,53.6,10.29
montepuez,88,MZ,1554327239,89,-13.13,39.0,69.48,7.52
gharghoda,8,IN,1554327240,54,22.18,83.36,69.12,2.93
bilibino,12,RU,1554327241,82,68.06,166.44,18.0,2.15
coahuayana,0,MX,1554327243,22,18.62,-100.35,88.65,3.15
adre,0,TD,1554327244,22,13.47,22.2,73.17,9.64
ishigaki,75,JP,1554325200,83,24.34,124.16,71.6,17.22
umm lajj,0,SA,1554327247,96,25.02,37.27,63.09,5.73
lebu,75,ET,1554325200,72,8.96,38.73,59.0,2.24
victoria,75,BN,1554325200,94,5.28,115.24,77.0,2.82
vryburg,68,ZA,1554327251,87,-26.96,24.73,62.64,4.61
omboue,32,GA,1554327253,99,-1.57,9.26,84.33,7.18
ust-nera,0,RU,1554327254,50,64.57,143.24,-5.77,2.04
sitka,80,US,1554327088,48,37.17,-99.65,66.99,18.99
doha,0,QA,1554325200,69,25.29,51.53,75.2,4.7
leningradskiy,20,RU,1554327258,93,69.38,178.42,7.2,17.02
vestmannaeyjar,92,IS,1554327259,86,63.44,-20.27,41.22,25.19
tupelo,1,US,1554327029,38,34.26,-88.7,73.99,8.05
thinadhoo,92,MV,1554327262,100,0.53,72.93,83.25,3.49
suining,68,CN,1554327263,90,30.51,105.57,53.1,6.51
dong xoai,76,VN,1554327264,96,11.53,106.92,73.8,2.71
caconda,92,AO,1554327265,34,-13.73,15.06,74.43,2.37
chapais,90,CA,1554325440,92,49.78,-74.86,30.2,21.92
palana,44,RU,1554327268,69,59.08,159.95,34.47,10.54
fonte boa,12,BR,1554327269,83,-2.51,-66.09,84.33,4.05
yuanping,8,CN,1554327271,65,38.72,112.71,28.98,3.38
port alfred,12,ZA,1554327113,90,-33.59,26.89,64.99,5.01
ofaqim,92,IL,1554327190,22,31.31,34.62,57.99,5.61
carutapera,92,BR,1554327275,100,-1.2,-46.02,75.33,4.72
dunmore east,92,IE,1554327148,86,52.15,-6.99,42.01,11.99
juneau,90,US,1554324960,61,58.3,-134.42,48.2,8.05
kuzedeyevo,76,RU,1554327279,71,53.33,87.2,30.42,4.5
canico,40,PT,1554327185,67,32.63,-16.85,60.8,16.11
alghero,0,IT,1554327245,93,40.56,8.32,51.8,3.36
takoradi,12,GH,1554327283,97,4.89,-1.75,83.16,9.42
komsomolskiy,92,RU,1554327286,89,67.55,63.78,24.48,3.27
trinidad,20,UY,1554325200,61,-33.52,-56.9,77.0,4.7
avera,1,US,1554327186,26,33.19,-82.53,73.0,5.82
bontang,32,ID,1554327290,100,0.12,117.47,78.12,4.61
roebourne,0,AU,1554327291,65,-20.77,117.15,74.25,10.76
anadyr,0,RU,1554326547,78,64.73,177.51,17.6,8.75
poum,80,MK,1554327294,96,41.28,20.71,40.95,1.36
bathsheba,40,BB,1554325200,61,13.22,-59.52,82.4,20.8
eyl,8,SO,1554327298,100,7.98,49.82,77.4,3.38
nome,90,US,1554327242,52,30.04,-94.42,71.01,11.41
weinan,0,CN,1554325200,57,34.5,109.46,50.0,3.71
yar-sale,0,RU,1554327302,64,66.83,70.83,11.16,5.28
sinnamary,92,GF,1554327303,93,5.38,-52.96,80.64,12.88
nalgonda,32,IN,1554327304,78,17.05,79.27,74.16,5.73
ostrovnoy,24,RU,1554327306,87,68.05,39.51,27.63,13.56
vila velha,75,BR,1554326887,78,-3.71,-38.6,81.0,5.82
carnarvon,0,ZA,1554327308,29,-30.97,22.13,60.12,9.19
emerald,0,AU,1554327289,88,-23.53,148.16,68.0,10.29
mar del plata,24,AR,1554327022,39,-46.43,-67.52,66.15,16.8
serebryansk,76,KZ,1554327312,81,49.68,83.3,39.24,2.04
noumea,68,NC,1554326806,83,-22.28,166.46,75.2,3.36
severo-kurilsk,88,RU,1554327315,97,50.68,156.12,33.03,6.85
dunedin,56,NZ,1554327034,83,-45.87,170.5,55.0,3.6
bambous virieux,75,MU,1554327244,94,-20.34,57.76,77.0,3.36
aykhal,0,RU,1554327319,70,65.95,111.51,16.65,4.61
tuatapere,92,NZ,1554327009,88,-46.13,167.69,52.0,14.56
berlevag,75,NO,1554324600,100,70.86,29.09,32.0,16.11
yeppoon,20,AU,1554325200,73,-23.13,150.74,69.8,9.17
kodiak,20,US,1554327217,45,39.95,-94.76,64.4,14.99
lang suan,32,TH,1554327325,99,9.95,99.07,77.85,2.15
klaksvik,92,FO,1554324600,74,62.23,-6.59,37.4,4.7
san patricio,68,PY,1554327328,88,-26.98,-56.83,77.85,2.48
zhuanghe,0,CN,1554327033,88,39.7,122.97,50.0,3.0
half moon bay,90,US,1554327329,82,37.46,-122.43,64.0,6.93
chokurdakh,0,RU,1554327332,55,70.62,147.9,-0.64,2.93
bridgetown,90,CA,1554327190,93,44.84,-65.29,41.0,16.11
hervey bay,90,AU,1554327036,88,-25.3,152.85,73.99,9.17
barmer,36,IN,1554327336,37,25.74,71.4,76.32,3.71
zahesi,0,GE,1554325200,61,41.83,44.76,48.2,12.75
kavaratti,64,IN,1554327339,100,10.57,72.64,84.06,2.59
gazanjyk,0,TM,1554327340,87,39.24,55.52,46.62,3.83
cayenne,75,GF,1554325200,69,4.94,-52.33,82.4,10.29
iqaluit,75,CA,1554326522,71,63.75,-68.52,8.6,3.36
wlodawa,24,PL,1554325200,39,51.55,23.55,44.6,11.18
ust-kulom,12,RU,1554327345,86,61.69,53.69,27.18,6.06
giyani,92,ZA,1554327347,98,-23.32,30.73,67.14,3.94
kiama,90,AU,1554327125,100,-34.67,150.86,70.0,10.29
sovetskiy,0,RU,1554327349,82,56.76,48.47,25.65,11.32
hornepayne,64,CA,1554327351,44,49.22,-84.78,24.93,11.99
vardo,1,US,1554327292,20,39.62,-77.74,66.2,17.22
kavieng,100,PG,1554327353,100,-2.57,150.8,80.1,7.18
namatanai,80,PG,1554327354,100,-3.66,152.44,82.08,6.17
dikson,76,RU,1554327356,100,73.51,80.55,23.58,16.02
chuy,0,UY,1554327357,84,-33.69,-53.46,68.4,9.64
touros,75,BR,1554321600,88,-5.2,-35.46,80.6,4.7
yaan,0,NG,1554327360,45,7.38,8.57,88.02,8.75
comodoro rivadavia,0,AR,1554325200,26,-45.87,-67.48,69.8,18.34
saint-augustin,32,FR,1554327202,86,44.83,-0.61,44.6,6.93
hualmay,36,PE,1554327364,76,-11.1,-77.61,74.7,5.39
campbell river,90,CA,1554327040,93,50.02,-125.24,51.8,4.7
dudinka,68,RU,1554327367,92,69.41,86.18,18.72,8.19
balabac,80,PH,1554327369,100,7.99,117.06,81.72,8.41
muroto,20,JP,1554325800,100,33.37,134.14,39.2,9.17
prince george,1,CA,1554327138,34,53.92,-122.75,54.0,13.87
armidale,80,AU,1554327069,88,-30.51,151.67,53.01,4.0
harper,90,US,1554327321,88,30.3,-99.24,66.99,5.82
raeren,0,BE,1554327362,80,50.68,6.11,46.0,9.17
tutoia,40,BR,1554325200,65,-2.76,-42.27,82.4,9.17
khorixas,8,NA,1554327378,52,-20.37,14.96,73.08,3.15
champerico,20,MX,1554324660,28,16.38,-93.6,95.0,2.24
faanui,12,PF,1554327380,100,-16.48,-151.75,84.33,9.98
thompson,75,CA,1554325200,37,55.74,-97.86,19.4,5.82
chupa,75,PE,1554325200,66,-15.11,-69.99,53.6,14.99
riyadh,0,SA,1554325200,31,24.63,46.72,77.0,3.36
forio,75,IT,1554327365,93,40.73,13.86,55.99,3.36
adrar,40,DZ,1554325200,26,27.87,-0.29,78.8,20.8
prainha,44,BR,1554327388,80,-1.8,-53.48,81.81,5.95
ballina,92,IE,1554327184,91,54.11,-9.15,43.0,13.0
belaya gora,8,RU,1554327391,52,68.54,146.19,0.63,2.15
hambantota,5,LK,1554325800,100,6.12,81.12,75.2,3.6
moose factory,90,CA,1554325200,73,51.26,-80.61,21.2,14.99
boa vista,40,BR,1554325200,34,2.82,-60.67,95.0,11.41
yarumal,36,CO,1554327397,97,6.96,-75.42,68.85,1.92
husavik,24,CA,1554327326,44,50.56,-96.99,33.01,4.0
sault sainte marie,75,CA,1554325200,49,46.49,-84.36,33.8,19.46
valera,24,VE,1554327401,72,9.31,-70.61,85.05,4.94
havoysund,75,NO,1554324600,86,71.0,24.66,30.2,8.05
clyde river,75,CA,1554325200,66,70.47,-68.59,12.2,6.93
geraldton,75,CA,1554325200,41,49.72,-86.95,24.8,10.29
bisira,0,PA,1554327406,48,8.52,-81.71,83.25,6.17
nouadhibou,20,MR,1554325200,77,20.93,-17.03,66.2,9.17
buraydah,0,SA,1554325200,34,26.33,43.97,64.4,4.7
zhigansk,88,RU,1554327411,84,66.77,123.37,25.2,5.61
muros,40,ES,1554327401,93,42.77,-9.06,50.0,4.7
the valley,40,AI,1554327103,65,18.22,-63.06,80.6,14.99
brownwood,90,US,1554327391,64,31.71,-98.99,71.6,18.34
port hawkesbury,90,CA,1554327354,100,45.62,-61.36,42.01,28.86
teguise,20,ES,1554325200,72,29.06,-13.56,66.2,4.7
pangnirtung,20,CA,1554325200,77,66.15,-65.72,5.0,4.7
flinders,90,AU,1554327096,100,-34.58,150.85,64.0,10.29
codrington,40,AU,1554327264,93,-28.95,153.24,66.2,5.17
jumla,0,NP,1554327422,92,29.28,82.18,27.18,2.26
visavadar,20,IN,1554327424,59,21.34,70.75,75.24,5.06
westport,92,IE,1554327123,85,53.8,-9.52,43.0,32.01
tura,0,IN,1554327427,90,25.52,90.21,64.8,5.61
sabha,8,LY,1554327428,50,27.03,14.43,65.43,7.96
tessalit,8,ML,1554327429,26,20.2,1.01,77.76,7.07
ulagan,20,RU,1554327431,76,50.63,87.96,18.54,2.71
aksarka,44,RU,1554327432,62,66.56,67.8,11.88,2.82
marion,1,US,1554327430,27,35.21,-90.2,75.0,17.22
mecca,0,SA,1554327329,57,21.43,39.83,54.27,2.82
duiwelskloof,92,ZA,1554327437,97,-23.69,30.14,64.35,3.6
vanimo,36,PG,1554327438,99,-2.67,141.3,82.98,15.01
george,20,NG,1554325200,89,6.63,3.35,84.2,4.7
lavrentiya,20,RU,1554327441,95,65.58,-170.99,21.42,16.58
hegang,0,CN,1554327443,80,47.34,130.28,22.5,4.94
huicheng,75,CN,1554325200,100,23.03,116.29,64.4,4.47
tangshan,0,CN,1554327445,57,39.63,118.17,45.81,9.98
hobyo,24,SO,1554327447,83,5.35,48.53,81.0,7.4
lompoc,75,US,1554327345,72,34.64,-120.46,66.99,9.17
nuuk,75,GL,1554326521,73,64.17,-51.74,24.8,13.87
lata,0,IN,1554327451,78,30.78,78.62,48.24,2.37
atambua,88,ID,1554327452,100,-9.11,124.89,77.13,2.59
college,20,US,1554327433,35,64.86,-147.8,32.0,16.11
kolyvan,0,RU,1554325200,47,55.31,82.74,35.6,4.47
conselheiro pena,88,BR,1554327456,84,-19.17,-41.47,75.6,2.71
taltal,8,CL,1554327457,76,-25.41,-70.49,63.72,3.04
kollam,20,IN,1554325200,79,8.88,76.6,84.2,5.82
kichera,76,RU,1554327460,70,55.93,110.1,18.81,3.83
kurilsk,48,RU,1554327461,96,45.23,147.88,28.35,19.71
north myrtle beach,1,US,1554327190,51,33.83,-78.68,69.01,11.41
souillac,8,FR,1554327382,93,45.6,-0.6,44.01,4.7
kenora,40,CA,1554326523,36,49.76,-94.48,30.2,12.75
taoudenni,92,ML,1554327466,29,22.68,-3.98,85.59,4.83
aklavik,75,CA,1554325920,60,68.22,-135.01,8.6,11.41
vilcun,90,CL,1554325200,93,-38.65,-72.23,57.2,5.82
torbay,90,CA,1554327116,88,47.66,-52.73,33.01,17.22
krian,40,ID,1554325200,100,-7.41,112.58,78.8,4.7
awash,48,ET,1554327473,91,8.99,40.17,63.27,2.82
ancud,90,CL,1554325200,100,-41.87,-73.83,50.0,11.41
birao,0,CF,1554327476,21,10.3,22.78,77.31,9.64
kombissiri,0,BF,1554325200,25,12.07,-1.34,96.8,3.36
grindavik,90,IS,1554327416,93,63.84,-22.43,42.01,25.28
pisco,0,PE,1554325200,30,-13.71,-76.2,71.6,20.8
rawlins,90,US,1554324900,87,41.79,-107.24,44.6,14.99
lahij,44,YE,1554327482,94,13.06,44.88,70.92,2.26
mandalgovi,0,MN,1554327484,65,45.76,106.27,34.47,10.98
kolokani,12,ML,1554327485,45,13.58,-8.03,85.77,4.61
konce,48,MK,1554327360,76,41.5,22.39,50.0,3.27
turka,56,UA,1554326835,40,49.16,23.03,43.0,4.61
bilma,0,NE,1554327489,22,18.69,12.92,74.16,5.39
saint paul,1,US,1554327489,25,44.95,-93.1,51.01,10.29
wawa,20,NG,1554327492,67,9.9,4.41,84.87,2.71
kaitangata,56,NZ,1554327373,78,-46.28,169.85,52.0,5.99
marsh harbour,64,BS,1554327495,100,26.54,-77.06,74.61,17.25
mongo,0,CF,1554327497,49,4.83,22.92,84.6,5.39
san carlos de bariloche,75,AR,1554325200,87,-41.13,-71.31,46.4,16.11
olinda,75,EC,1554327351,70,-2.03,-79.75,86.0,4.7
ketchikan,1,US,1554324780,58,55.34,-131.65,53.6,4.7
alofi,75,NU,1554325200,78,-19.06,-169.92,80.6,11.41
bereda,40,ES,1554327240,75,43.27,-7.54,50.0,4.7
buala,80,SB,1554327506,100,-8.15,159.59,79.74,6.17
atikokan,56,CA,1554327508,45,48.76,-91.62,29.61,9.64
erzin,40,TR,1554327412,93,36.95,36.2,57.2,4.7
palmer,0,AU,1554327481,28,-34.85,139.16,72.0,10.29
xining,80,CN,1554327512,90,36.62,101.77,31.68,2.26
elizabeth city,1,US,1554327493,37,36.3,-76.22,70.0,17.22
saint-joseph,92,FR,1554327484,100,43.56,6.97,53.01,8.05
arlit,0,NE,1554327516,26,18.74,7.39,78.3,3.15
askino,92,RU,1554327517,88,56.09,56.58,32.94,15.68
guerrero negro,0,MX,1554327518,53,27.97,-114.04,70.2,11.65
palamos,75,ES,1554327307,100,41.85,3.13,48.0,10.29
pauini,8,BR,1554327521,85,-7.71,-67.0,82.62,3.27
kaili,64,ID,1554327522,91,-3.46,120.21,69.75,2.15
piracuruca,92,BR,1554327524,97,-3.93,-41.72,75.15,3.04
gondanglegi,32,ID,1554327525,92,-7.75,112.01,69.3,3.27
gushikawa,90,JP,1554325560,82,26.35,127.87,64.4,4.7
izhma,20,RU,1554327528,89,65.01,53.91,32.85,6.17
okhotsk,8,RU,1554327529,89,59.36,143.24,22.68,5.17
udachnyy,0,RU,1554327530,78,66.42,112.4,21.42,4.72
chegdomyn,8,RU,1554327532,76,51.13,133.04,11.34,2.71
namibe,36,AO,1554327533,100,-15.19,12.15,79.47,8.86
bethanien,0,NA,1554327535,22,-26.5,17.16,69.03,5.84
skibbereen,75,IE,1554325200,85,51.55,-9.27,41.0,25.28
coquimbo,0,CL,1554325200,63,-29.95,-71.34,66.2,12.75
kosum phisai,48,TH,1554325200,94,16.25,103.07,73.4,2.24
byron bay,40,AU,1554327264,93,-28.65,153.62,73.0,13.11
idlib,40,SY,1554324600,93,35.93,36.64,57.2,4.7
saldanha,0,PT,1554327542,56,41.42,-6.55,41.49,8.63
faya,0,SA,1554325200,82,18.39,42.45,60.8,10.29
rawson,92,AR,1554327545,27,-43.3,-65.11,69.75,14.79
navrongo,32,GH,1554327546,40,10.89,-1.09,92.34,10.98
quelimane,0,MZ,1554325200,83,-17.88,36.89,77.0,3.36
maniitsoq,76,GL,1554327549,86,65.42,-52.9,21.33,11.1
fukue,0,JP,1554327536,74,35.03,136.69,44.01,8.05
kahului,40,US,1554327275,54,20.89,-156.47,82.4,19.46
nkowakowa,0,ZA,1554325200,82,-23.89,30.29,60.8,12.75
clinton,20,US,1554327530,43,30.87,-91.02,75.2,11.41
concordia,75,AR,1554327413,112,-31.4,-58.02,87.8,10.29
capao da canoa,36,BR,1554327363,100,-29.75,-50.01,74.52,10.42
dawei,0,MM,1554327558,93,14.07,98.19,74.97,2.26
vestmanna,56,FO,1554324600,74,62.16,-7.17,37.4,4.7
uruzgan,36,AF,1554327561,81,32.93,66.63,35.01,0.69
podkletnoye,76,RU,1554327563,66,54.66,31.74,36.54,4.61
conceicao da barra,8,BR,1554327458,89,-18.59,-39.73,80.19,7.74
biltine,0,TD,1554327565,23,14.53,20.93,75.24,9.31
inuvik,75,CA,1554325920,60,68.36,-133.71,8.6,11.41
esperance,40,TT,1554327307,65,10.24,-61.45,82.4,16.11
lodja,0,CD,1554327569,90,-3.52,23.6,76.05,3.04
maine-soroa,0,NE,1554327572,20,13.21,12.02,79.2,8.19
lufilufi,8,WS,1554326543,83,-13.87,-171.6,82.0,4.0
fare,20,PF,1554327574,98,-16.7,-151.02,84.69,9.64
gold coast,92,AU,1554327458,72,-28.0,153.41,71.01,9.17
kastornoye,56,RU,1554327577,65,51.83,38.13,34.83,9.98
saint george,75,GR,1554324600,75,39.45,22.34,46.4,5.82
nikolskoye,0,RU,1554327336,34,59.7,30.79,37.99,6.71
tsukumi,0,JP,1554327403,75,33.08,131.85,28.99,8.97
barrhead,40,CA,1554325200,49,54.12,-114.4,46.4,8.05
sao joao da barra,0,BR,1554325200,78,-21.64,-41.05,77.0,9.17
praya,40,ID,1554325200,100,-8.71,116.27,75.2,5.17
labuhan,32,ID,1554327586,95,-2.54,115.51,70.92,0.69
sabang,56,PH,1554327587,93,13.72,123.58,76.77,6.73
benguela,32,AO,1554327589,100,-12.58,13.4,80.55,8.19
porto novo,0,BR,1554325200,57,-23.68,-45.44,78.8,4.7
sorbhog,0,IN,1554327591,82,26.5,90.87,62.73,7.07
mujiayingzi,8,CN,1554327593,38,42.12,118.78,45.72,12.66
narsaq,20,GL,1554324600,58,60.91,-46.05,28.4,13.87
kermanshah,90,IR,1554325200,87,34.32,47.07,44.6,9.17
huarmey,36,PE,1554327597,67,-10.07,-78.15,76.5,4.05
sterling,1,US,1554327303,24,39.0,-77.4,69.8,23.04
pyay,0,MM,1554327599,80,18.82,95.22,71.73,2.59
herat,64,AF,1554327600,90,34.35,62.22,52.47,3.71
civitavecchia,40,IT,1554327600,82,42.09,11.79,57.0,18.34
samana,75,EC,1554325200,83,0.12,-76.97,82.4,4.7
itaueira,36,BR,1554327604,64,-7.6,-43.03,83.34,8.75
tabuk,76,PH,1554327606,97,17.41,121.44,65.25,1.36
petropavlovsk-kamchatskiy,92,RU,1554325200,60,53.05,158.65,39.2,6.71
mao,40,DO,1554327608,66,19.55,-71.08,84.2,6.93
pangkalanbuun,8,ID,1554327610,94,-2.68,111.62,71.37,2.59
brae,56,GB,1554326400,87,60.4,-1.35,44.6,13.87
lagoa,0,PT,1554327545,50,37.14,-8.45,57.2,12.75
myitkyina,0,MM,1554327614,95,25.38,97.4,59.67,3.27
isangel,75,VU,1554325200,78,-19.55,169.27,82.4,11.88
itarema,92,BR,1554327616,92,-2.92,-39.92,78.93,6.17
marquette,20,US,1554327481,31,46.54,-87.4,37.0,14.99
santa maria,12,BR,1554327620,65,-29.69,-53.81,80.64,2.59
razole,0,IN,1554327621,100,16.48,81.84,82.26,10.42
pangody,12,RU,1554327623,75,65.85,74.49,15.12,9.42
bundaberg,90,AU,1554327602,88,-24.87,152.35,75.0,9.17
oussouye,0,SN,1554325200,73,12.49,-16.54,78.8,9.17
pacific grove,75,US,1554327469,71,36.62,-121.92,63.0,10.29
sur,0,OM,1554327605,79,22.57,59.53,80.55,5.17
mersing,24,MY,1554327629,96,2.43,103.84,77.94,3.15
kutum,0,SD,1554327630,22,14.2,24.66,64.08,9.42
shache,0,CN,1554327632,63,38.42,77.24,40.95,2.15
pitimbu,88,BR,1554327633,93,-7.47,-34.81,82.8,7.4
manta,92,RO,1554327624,41,45.1,24.1,42.12,8.41
omsukchan,80,RU,1554327635,85,62.53,155.8,22.68,4.83
zuenoula,0,CI,1554327637,83,7.43,-6.04,77.94,7.74
broome,8,GB,1554327630,93,52.47,1.45,39.2,4.7
robertsport,56,LR,1554327640,100,6.75,-11.37,79.56,5.39
karachi,0,PK,1554324900,65,24.87,67.03,78.8,6.93
richards bay,8,ZA,1554327643,87,-28.77,32.06,70.92,12.1
luanda,20,AO,1554325200,83,-8.83,13.24,82.4,5.82
miyako,20,JP,1554327617,52,33.63,130.94,46.99,4.7
tyukhtet,68,RU,1554327647,71,56.54,89.31,22.05,2.93
mutoko,0,ZW,1554327648,89,-17.4,32.23,59.76,3.6
mitu,32,IR,1554327650,91,36.2,46.09,29.16,2.26
vila do maio,40,CV,1554325200,64,15.13,-23.22,71.6,16.11
noyabrsk,36,RU,1554327652,78,63.2,75.45,19.98,9.75
abu dhabi,0,AE,1554325200,44,24.47,54.37,80.6,5.82
magistralnyy,68,RU,1554327655,68,56.17,107.45,25.47,7.74
sri aman,88,MY,1554325200,100,1.24,111.46,73.4,0.47
zhengjiatun,64,CN,1554327658,62,43.51,123.51,34.92,4.72
nalut,0,LY,1554327660,59,31.86,10.98,62.82,8.3
benghazi,68,LY,1554327661,100,32.12,20.07,61.02,13.44
karratha,0,AU,1554327662,65,-20.74,116.85,74.25,10.76
lyubech,76,UA,1554327664,57,51.7,30.66,36.63,4.05
san rafael,0,AR,1554327665,22,-34.61,-68.33,86.49,6.62
rio grande,20,BR,1554325200,83,-32.03,-52.1,75.2,11.41
kodinsk,48,RU,1554327668,62,58.6,99.18,27.63,7.63
simplicio mendes,12,BR,1554327669,61,-7.85,-41.91,84.06,5.61
fjerritslev,56,DK,1554327604,89,57.08,9.27,46.0,7.0
axim,12,GH,1554327672,96,4.87,-2.24,84.24,11.77
edd,32,ER,1554327673,87,13.93,41.69,72.0,2.59
kudahuvadhoo,0,MV,1554327675,100,2.67,72.89,82.98,4.5
alanya,40,TR,1554324600,93,36.55,32.0,50.0,4.7
gravelbourg,76,CA,1554327677,48,49.88,-106.56,47.88,17.25
marsa matruh,0,EG,1554327679,88,31.35,27.25,50.67,6.4
road town,20,VG,1554327602,61,18.42,-64.62,82.4,11.41
ayan,88,TR,1554327681,79,40.67,33.6,37.44,2.04
turan,36,RU,1554327683,72,52.15,93.92,19.89,2.71
talnakh,68,RU,1554327684,87,69.49,88.39,17.19,4.16
nova granada,0,BR,1554325200,40,-20.53,-49.32,86.0,3.36
warrington,20,GB,1554327674,93,53.39,-2.59,39.99,10.29
daloa,0,CI,1554327688,92,6.88,-6.45,74.88,3.38
portland,90,US,1554326861,55,45.52,-122.67,62.01,14.99
norman wells,40,CA,1554325200,59,65.28,-126.83,3.2,20.8
slonim,0,BY,1554327692,51,53.09,25.32,37.26,12.44
port-cartier,90,CA,1554327503,92,50.03,-66.88,28.99,16.11
goderich,0,CA,1554327654,54,43.74,-81.71,44.01,20.0
constitucion,5,MX,1554327615,9,23.99,-104.67,77.0,13.87
fort nelson,90,CA,1554325200,78,58.81,-122.69,15.8,11.41
kamenka,80,RU,1554327699,88,53.19,44.05,31.95,15.23
chingirlau,80,KZ,1554327700,94,51.09,54.08,40.95,8.75
puerto concordia,0,CO,1554327701,48,2.62,-72.76,88.38,6.96
alexandria,75,US,1554327649,28,31.31,-92.44,75.2,13.87
ouadda,0,CF,1554327704,23,8.07,22.4,83.34,12.33
jiuquan,0,CN,1554327706,71,39.73,98.49,26.1,4.38
ipua,44,BR,1554327708,53,-20.44,-48.01,82.62,6.17
blyth,75,GB,1554327665,93,55.12,-1.5,43.0,9.17
ca mau,20,VN,1554327618,97,9.18,105.15,77.85,4.94
nago,75,IT,1554327671,76,45.88,10.89,55.99,9.17
george town,75,MY,1554325200,94,5.42,100.33,78.8,2.24
viedma,76,AR,1554327652,28,-40.81,-62.99,78.12,19.15
kenai,1,US,1554327436,36,60.55,-151.26,46.0,13.87
la ronge,75,CA,1554325200,48,55.1,-105.3,21.2,10.29
chimbote,44,PE,1554327718,92,-9.08,-78.59,72.0,9.19
ziyang,92,CN,1554327720,82,30.12,104.65,55.8,7.4
alice town,0,BS,1554327721,100,25.72,-79.3,75.78,17.36
garden city,1,US,1554327449,22,40.73,-73.63,66.2,18.34
beyneu,92,KZ,1554327724,91,45.32,55.19,44.37,15.12
havelock,1,US,1554327691,48,34.88,-76.9,69.01,11.41
vincennes,1,US,1554327612,27,38.68,-87.53,66.0,4.94
port lincoln,12,AU,1554327728,93,-34.72,135.86,64.98,10.31
camacha,40,PT,1554327000,77,33.08,-16.33,60.8,16.11
grants pass,90,US,1554327511,48,42.44,-123.33,63.0,3.36
grand baie,75,MU,1554327543,94,-20.02,57.58,77.0,3.36
bulgan,0,MN,1554327733,44,48.81,103.53,37.35,7.74
awbari,32,LY,1554327735,47,26.59,12.77,66.42,8.41
qixingtai,92,CN,1554327680,85,30.41,111.89,55.99,3.49
turukhansk,80,RU,1554327737,93,65.8,87.96,19.35,6.62
araceli,0,PH,1554327739,97,10.55,119.99,81.63,18.59
oskaloosa,20,US,1554327739,42,39.22,-95.31,68.0,16.11
kushima,20,JP,1554326546,100,31.5,131.29,42.8,9.17
jizan,0,SA,1554325200,69,16.89,42.56,82.4,6.93
sudak,0,UA,1554327744,100,44.85,34.97,32.31,2.82
nagayo,20,JP,1554326546,81,32.82,129.89,42.8,3.36
te anau,76,NZ,1554327747,81,-45.41,167.72,49.05,6.62
saint-pierre,0,FR,1554327725,93,48.95,4.24,41.0,11.41
kargopol,0,RU,1554327750,70,61.51,38.95,18.54,5.17
reitz,36,ZA,1554327751,96,-27.8,28.43,54.72,3.38
atok,64,PH,1554327753,97,16.63,120.77,66.42,2.15
sungairaya,32,ID,1554327754,93,0.7,108.9,76.41,1.92
samarai,80,PG,1554327755,100,-10.62,150.67,77.94,6.73
uspenskoye,0,RU,1554327063,76,44.83,41.38,37.4,8.95
urbino,20,IT,1554327749,62,43.73,12.64,57.2,6.93
aktau,75,KZ,1554325200,100,43.65,51.16,44.6,11.18
caravelas,12,BR,1554327761,100,-17.73,-39.27,81.27,9.42
sechura,24,PE,1554327762,68,-5.56,-80.82,81.27,12.1
sibolga,68,ID,1554327764,100,1.74,98.78,70.02,1.59
jonkoping,0,SE,1554327042,60,57.78,14.16,44.6,4.7
saint-leu,75,RE,1554327617,69,-21.15,55.28,80.6,16.11
nahavand,0,IR,1554325200,70,34.19,48.37,42.8,2.24
yumen,0,CN,1554327769,45,40.29,97.04,37.89,9.19
kupang,80,ID,1554327770,100,-10.16,123.6,79.2,3.49
sao pedro do sul,12,BR,1554327771,65,-29.62,-54.18,80.64,2.59
maragogi,0,BR,1554327773,85,-9.01,-35.22,80.1,5.28
losal,0,IN,1554327775,40,27.4,74.92,68.31,2.93
neiafu,40,TO,1554325200,78,-18.65,-173.98,80.6,8.05
yeniseysk,0,RU,1554327778,80,58.45,92.17,16.65,3.71
aitape,80,PG,1554327779,99,-3.15,142.36,80.01,6.17
chimoio,20,MZ,1554325200,93,-19.11,33.48,66.2,4.7
ngunguru,8,NZ,1554327484,83,-35.62,174.5,64.0,16.46
kindu,0,CD,1554327783,88,-2.95,25.92,76.68,2.04
tilichiki,92,RU,1554327785,87,60.47,166.1,33.57,13.89
mumford,12,GH,1554327786,80,5.26,-0.76,82.17,9.08
chicama,20,PE,1554325200,83,-7.84,-79.15,69.8,11.41
cap-aux-meules,90,CA,1554326220,85,47.38,-61.86,32.0,27.51
port-gentil,20,GA,1554325200,83,-0.72,8.78,82.4,5.82
atbasar,0,KZ,1554327791,95,51.81,68.36,41.94,6.62
parauna,36,ID,1554327792,96,-3.82,122.09,69.3,1.81
sisimiut,68,GL,1554327759,96,66.94,-53.67,13.23,11.65
ponorogo,56,ID,1554327795,97,-7.87,111.46,68.94,2.37
mana,40,RS,1554327000,66,43.52,20.24,53.6,11.41
gualaquiza,48,EC,1554327797,89,-3.4,-78.58,72.18,1.59
guadalupe y calvo,0,MX,1554327799,14,26.09,-106.96,69.84,3.83
